id,organization_id,transaction_id,line_number,entity_id,line_type,description,quantity,unit_amount,line_amount,discount_amount,tax_amount,smart_code,smart_code_status,ai_confidence,ai_classification,ai_insights,line_data,created_at,updated_at,created_by,updated_by,version,line_amount_base
3780fa28-a950-46d3-9289-c4384699a5dd,378f24fb-d496-4ff7-8afa-ea34895a0eb8,7f0ee877-ba9c-4548-b716-64399b75d251,1,b834fb76-a8ed-4e48-b60e-7290833c60c1,SERVICE,Kerasmooth,1.00000000,900.00000000,900.00000000,0.00000000,0.00000000,HERA.SALON.APPOINTMENT.TXN.BOOKED.LINE.GENERIC.v1,DRAFT,0.0000,,{},"{""quantity"": 1, ""entity_id"": ""b834fb76-a8ed-4e48-b60e-7290833c60c1"", ""line_type"": ""service"", ""description"": ""Kerasmooth"", ""line_amount"": 900, ""unit_amount"": 900}",2025-10-21 11:22:53.605914+00,2025-10-21 11:22:53.605914+00,d794e63a-2d70-4b65-b560-0df667de221e,d794e63a-2d70-4b65-b560-0df667de221e,1,900.00
f6442a4b-392d-47af-85dd-81accbd24854,378f24fb-d496-4ff7-8afa-ea34895a0eb8,d01ea109-df5e-4a19-b14c-fec803f4bb8e,1,b834fb76-a8ed-4e48-b60e-7290833c60c1,SERVICE,Kerasmooth,1.00000000,900.00000000,900.00000000,0.00000000,0.00000000,HERA.SALON.APPOINTMENT.TXN.BOOKED.LINE.GENERIC.v1,DRAFT,0.0000,,{},"{""quantity"": 1, ""entity_id"": ""b834fb76-a8ed-4e48-b60e-7290833c60c1"", ""line_type"": ""service"", ""description"": ""Kerasmooth"", ""line_amount"": 900, ""unit_amount"": 900}",2025-10-21 11:32:40.595763+00,2025-10-21 11:32:40.595763+00,d794e63a-2d70-4b65-b560-0df667de221e,d794e63a-2d70-4b65-b560-0df667de221e,1,900.00
46e65d13-0c24-4242-8851-99966bdaf75e,378f24fb-d496-4ff7-8afa-ea34895a0eb8,ceafbe6e-8459-4310-ad57-5d9f7605f3b5,1,8270ef88-a7d3-4d8b-b580-87f8f436e410,SERVICE,Hair Spa - Full Blow Dry,1.00000000,200.00000000,200.00000000,0.00000000,0.00000000,HERA.SALON.APPOINTMENT.TXN.BOOKED.LINE.GENERIC.v1,DRAFT,0.0000,,{},"{""quantity"": 1, ""entity_id"": ""8270ef88-a7d3-4d8b-b580-87f8f436e410"", ""line_type"": ""service"", ""description"": ""Hair Spa - Full Blow Dry"", ""line_amount"": 200, ""unit_amount"": 200}",2025-10-21 12:31:23.06066+00,2025-10-21 12:31:23.06066+00,d794e63a-2d70-4b65-b560-0df667de221e,d794e63a-2d70-4b65-b560-0df667de221e,1,200.00
52d16f21-b396-4420-9d5f-761e3cbe0893,378f24fb-d496-4ff7-8afa-ea34895a0eb8,b187a64a-0e62-4358-8206-c71504c7ee96,1,b834fb76-a8ed-4e48-b60e-7290833c60c1,SERVICE,Kerasmooth,1.00000000,900.00000000,900.00000000,0.00000000,0.00000000,HERA.SALON.APPOINTMENT.TXN.BOOKED.LINE.GENERIC.v1,DRAFT,0.0000,,{},"{""quantity"": 1, ""entity_id"": ""b834fb76-a8ed-4e48-b60e-7290833c60c1"", ""line_type"": ""service"", ""description"": ""Kerasmooth"", ""line_amount"": 900, ""unit_amount"": 900}",2025-10-24 13:08:33.564958+00,2025-10-24 13:08:33.564958+00,d794e63a-2d70-4b65-b560-0df667de221e,d794e63a-2d70-4b65-b560-0df667de221e,1,900.00
3d990b66-bb60-4731-b4e4-d6607b2729c1,378f24fb-d496-4ff7-8afa-ea34895a0eb8,ba7aca4f-9883-4912-999b-70e5d3b149e7,1,e3cce367-1dea-446c-b257-04690169099a,SERVICE,Toning,1.00000000,250.00000000,250.00000000,0.00000000,0.00000000,HERA.SALON.APPOINTMENT.TXN.BOOKED.LINE.GENERIC.v1,DRAFT,0.0000,,{},"{""quantity"": 1, ""entity_id"": ""e3cce367-1dea-446c-b257-04690169099a"", ""line_type"": ""service"", ""description"": ""Toning"", ""line_amount"": 250, ""unit_amount"": 250}",2025-10-25 10:21:57.859044+00,2025-10-25 10:21:57.859044+00,d794e63a-2d70-4b65-b560-0df667de221e,d794e63a-2d70-4b65-b560-0df667de221e,1,250.00
aafbc31a-fc1e-495d-8861-bba702a4db46,378f24fb-d496-4ff7-8afa-ea34895a0eb8,ba7aca4f-9883-4912-999b-70e5d3b149e7,2,629a3c13-6644-43b5-9218-938cfb4fcc14,SERVICE,Hair cut,1.00000000,200.00000000,200.00000000,0.00000000,0.00000000,HERA.SALON.APPOINTMENT.TXN.BOOKED.LINE.GENERIC.v1,DRAFT,0.0000,,{},"{""quantity"": 1, ""entity_id"": ""629a3c13-6644-43b5-9218-938cfb4fcc14"", ""line_type"": ""service"", ""description"": ""Hair cut"", ""line_amount"": 200, ""unit_amount"": 200}",2025-10-25 10:21:57.859044+00,2025-10-25 10:21:57.859044+00,d794e63a-2d70-4b65-b560-0df667de221e,d794e63a-2d70-4b65-b560-0df667de221e,1,200.00
a3147b03-cfd9-4f4e-b9ae-80e45c0b8871,378f24fb-d496-4ff7-8afa-ea34895a0eb8,5622fc6c-e03f-4af0-bc2d-d6c1a1d2aa75,1,9d0470ae-b08e-4811-be23-a23709a70363,SERVICE,Waist Length Hair,1.00000000,1050.00000000,1050.00000000,0.00000000,0.00000000,HERA.SALON.APPOINTMENT.TXN.BOOKED.LINE.GENERIC.v1,DRAFT,0.0000,,{},"{""quantity"": 1, ""entity_id"": ""9d0470ae-b08e-4811-be23-a23709a70363"", ""line_type"": ""service"", ""description"": ""Waist Length Hair"", ""line_amount"": 1050, ""unit_amount"": 1050}",2025-10-25 10:47:22.877051+00,2025-10-25 10:47:22.877051+00,d794e63a-2d70-4b65-b560-0df667de221e,d794e63a-2d70-4b65-b560-0df667de221e,1,1050.00
0ffd8c50-dc68-4d7c-9914-12d84d3f16ec,378f24fb-d496-4ff7-8afa-ea34895a0eb8,5622fc6c-e03f-4af0-bc2d-d6c1a1d2aa75,2,b834fb76-a8ed-4e48-b60e-7290833c60c1,SERVICE,Kerasmooth,1.00000000,900.00000000,900.00000000,0.00000000,0.00000000,HERA.SALON.APPOINTMENT.TXN.BOOKED.LINE.GENERIC.v1,DRAFT,0.0000,,{},"{""quantity"": 1, ""entity_id"": ""b834fb76-a8ed-4e48-b60e-7290833c60c1"", ""line_type"": ""service"", ""description"": ""Kerasmooth"", ""line_amount"": 900, ""unit_amount"": 900}",2025-10-25 10:47:22.877051+00,2025-10-25 10:47:22.877051+00,d794e63a-2d70-4b65-b560-0df667de221e,d794e63a-2d70-4b65-b560-0df667de221e,1,900.00
f9369eb9-0be9-48de-84f0-d59f08e6b48c,378f24fb-d496-4ff7-8afa-ea34895a0eb8,ff8cc11a-e829-4c2e-889e-dd4d49532cef,1,9d0470ae-b08e-4811-be23-a23709a70363,SERVICE,Waist Length Hair,1.00000000,1050.00000000,1050.00000000,0.00000000,0.00000000,HERA.SALON.TXN.SALE.CREATE.LINE.GENERIC.v1,DRAFT,0.0000,,{},"{""metadata"": {""staff_id"": ""b5fc250f-f9e3-4a4f-a69c-af44e44caf39"", ""appointment_id"": ""5622fc6c-e03f-4af0-bc2d-d6c1a1d2aa75""}, ""quantity"": 1, ""entity_id"": ""9d0470ae-b08e-4811-be23-a23709a70363"", ""line_type"": ""service"", ""smart_code"": ""HERA.SALON.TXN.SERVICE.COMPLETE.V1"", ""description"": ""Waist Length Hair"", ""line_amount"": 1050, ""line_number"": 1, ""unit_amount"": 1050, ""discount_amount"": 0}",2025-10-25 10:49:58.213573+00,2025-10-25 10:49:58.213573+00,d794e63a-2d70-4b65-b560-0df667de221e,d794e63a-2d70-4b65-b560-0df667de221e,1,1050.00
3e1f648f-bc64-4c20-924e-40d04a9664c4,378f24fb-d496-4ff7-8afa-ea34895a0eb8,ff8cc11a-e829-4c2e-889e-dd4d49532cef,2,b834fb76-a8ed-4e48-b60e-7290833c60c1,SERVICE,Kerasmooth,1.00000000,900.00000000,900.00000000,0.00000000,0.00000000,HERA.SALON.TXN.SALE.CREATE.LINE.GENERIC.v1,DRAFT,0.0000,,{},"{""metadata"": {""staff_id"": ""b5fc250f-f9e3-4a4f-a69c-af44e44caf39"", ""appointment_id"": ""5622fc6c-e03f-4af0-bc2d-d6c1a1d2aa75""}, ""quantity"": 1, ""entity_id"": ""b834fb76-a8ed-4e48-b60e-7290833c60c1"", ""line_type"": ""service"", ""smart_code"": ""HERA.SALON.TXN.SERVICE.COMPLETE.V1"", ""description"": ""Kerasmooth"", ""line_amount"": 900, ""line_number"": 2, ""unit_amount"": 900, ""discount_amount"": 0}",2025-10-25 10:49:58.213573+00,2025-10-25 10:49:58.213573+00,d794e63a-2d70-4b65-b560-0df667de221e,d794e63a-2d70-4b65-b560-0df667de221e,1,900.00
bef9fbfd-7f07-4b6d-9f4e-858adae99c4f,378f24fb-d496-4ff7-8afa-ea34895a0eb8,ff8cc11a-e829-4c2e-889e-dd4d49532cef,3,8270ef88-a7d3-4d8b-b580-87f8f436e410,SERVICE,Hair Spa - Full Blow Dry,1.00000000,200.00000000,200.00000000,0.00000000,0.00000000,HERA.SALON.TXN.SALE.CREATE.LINE.GENERIC.v1,DRAFT,0.0000,,{},"{""metadata"": {""staff_id"": ""b5fc250f-f9e3-4a4f-a69c-af44e44caf39"", ""appointment_id"": ""5622fc6c-e03f-4af0-bc2d-d6c1a1d2aa75""}, ""quantity"": 1, ""entity_id"": ""8270ef88-a7d3-4d8b-b580-87f8f436e410"", ""line_type"": ""service"", ""smart_code"": ""HERA.SALON.TXN.SERVICE.COMPLETE.V1"", ""description"": ""Hair Spa - Full Blow Dry"", ""line_amount"": 200, ""line_number"": 3, ""unit_amount"": 200, ""discount_amount"": 0}",2025-10-25 10:49:58.213573+00,2025-10-25 10:49:58.213573+00,d794e63a-2d70-4b65-b560-0df667de221e,d794e63a-2d70-4b65-b560-0df667de221e,1,200.00
b317824e-f0ec-4186-99f2-2614a39c4550,378f24fb-d496-4ff7-8afa-ea34895a0eb8,ff8cc11a-e829-4c2e-889e-dd4d49532cef,4,,TAX,VAT (5.0%),1.00000000,107.50000000,107.50000000,0.00000000,0.00000000,HERA.SALON.TXN.SALE.CREATE.LINE.GENERIC.v1,DRAFT,0.0000,,{},"{""quantity"": 1, ""entity_id"": null, ""line_type"": ""tax"", ""smart_code"": ""HERA.SALON.TAX.VAT.TXN.V1"", ""description"": ""VAT (5.0%)"", ""line_amount"": 107.5, ""line_number"": 4, ""unit_amount"": 107.5}",2025-10-25 10:49:58.213573+00,2025-10-25 10:49:58.213573+00,d794e63a-2d70-4b65-b560-0df667de221e,d794e63a-2d70-4b65-b560-0df667de221e,1,107.50
e7e99794-4c95-4a05-84b3-b1e0e560daaa,378f24fb-d496-4ff7-8afa-ea34895a0eb8,ff8cc11a-e829-4c2e-889e-dd4d49532cef,5,,PAYMENT,Payment - CARD,1.00000000,2257.50000000,2257.50000000,0.00000000,0.00000000,HERA.SALON.TXN.SALE.CREATE.LINE.GENERIC.v1,DRAFT,0.0000,,{},"{""metadata"": {""reference"": """", ""payment_method"": ""card""}, ""quantity"": 1, ""entity_id"": null, ""line_type"": ""payment"", ""smart_code"": ""HERA.SALON.POS.PAYMENT.CARD.V1"", ""description"": ""Payment - CARD"", ""line_amount"": 2257.5, ""line_number"": 5, ""unit_amount"": 2257.5}",2025-10-25 10:49:58.213573+00,2025-10-25 10:49:58.213573+00,d794e63a-2d70-4b65-b560-0df667de221e,d794e63a-2d70-4b65-b560-0df667de221e,1,2257.50
a6985a27-9617-4e56-abbe-afd98fbe36d9,378f24fb-d496-4ff7-8afa-ea34895a0eb8,c84ce58e-6a27-4504-93eb-f77f71d963f4,1,629a3c13-6644-43b5-9218-938cfb4fcc14,SERVICE,Hair cut,1.00000000,200.00000000,200.00000000,0.00000000,0.00000000,HERA.SALON.TXN.SALE.CREATE.LINE.GENERIC.v1,DRAFT,0.0000,,{},"{""metadata"": {""staff_id"": ""b5fc250f-f9e3-4a4f-a69c-af44e44caf39"", ""appointment_id"": ""b187a64a-0e62-4358-8206-c71504c7ee96""}, ""quantity"": 1, ""entity_id"": ""629a3c13-6644-43b5-9218-938cfb4fcc14"", ""line_type"": ""service"", ""smart_code"": ""HERA.SALON.TXN.SERVICE.COMPLETE.V1"", ""description"": ""Hair cut"", ""line_amount"": 200, ""line_number"": 1, ""unit_amount"": 200, ""discount_amount"": 0}",2025-10-25 11:07:19.664097+00,2025-10-25 11:07:19.664097+00,d794e63a-2d70-4b65-b560-0df667de221e,d794e63a-2d70-4b65-b560-0df667de221e,1,200.00
32aabe9b-1a24-4a57-b6cb-a576ffd257e0,378f24fb-d496-4ff7-8afa-ea34895a0eb8,c84ce58e-6a27-4504-93eb-f77f71d963f4,2,,TAX,VAT (5.0%),1.00000000,10.00000000,10.00000000,0.00000000,0.00000000,HERA.SALON.TXN.SALE.CREATE.LINE.GENERIC.v1,DRAFT,0.0000,,{},"{""quantity"": 1, ""entity_id"": null, ""line_type"": ""tax"", ""smart_code"": ""HERA.SALON.TAX.VAT.TXN.V1"", ""description"": ""VAT (5.0%)"", ""line_amount"": 10, ""line_number"": 2, ""unit_amount"": 10}",2025-10-25 11:07:19.664097+00,2025-10-25 11:07:19.664097+00,d794e63a-2d70-4b65-b560-0df667de221e,d794e63a-2d70-4b65-b560-0df667de221e,1,10.00
3fc31dd0-d7ba-41d5-b961-99179917b500,378f24fb-d496-4ff7-8afa-ea34895a0eb8,c84ce58e-6a27-4504-93eb-f77f71d963f4,3,,PAYMENT,Payment - CASH,1.00000000,210.00000000,210.00000000,0.00000000,0.00000000,HERA.SALON.TXN.SALE.CREATE.LINE.GENERIC.v1,DRAFT,0.0000,,{},"{""metadata"": {""reference"": """", ""payment_method"": ""cash""}, ""quantity"": 1, ""entity_id"": null, ""line_type"": ""payment"", ""smart_code"": ""HERA.SALON.POS.PAYMENT.CASH.V1"", ""description"": ""Payment - CASH"", ""line_amount"": 210, ""line_number"": 3, ""unit_amount"": 210}",2025-10-25 11:07:19.664097+00,2025-10-25 11:07:19.664097+00,d794e63a-2d70-4b65-b560-0df667de221e,d794e63a-2d70-4b65-b560-0df667de221e,1,210.00
d5d60881-4073-43d2-95a5-cdc2aa9bcbad,378f24fb-d496-4ff7-8afa-ea34895a0eb8,09d947f5-a6db-4da9-99b3-869e518b8915,1,,service,Premium Hair Cut & Style,1.00000000,120.00000000,120.00000000,0.00000000,0.00000000,HERA.SALON.APPOINTMENT.LINE.HAIRCUT.v1,DRAFT,0.0000,,{},"{""notes"": ""Premium cut with styling"", ""stylist"": ""Michele (Owner)"", ""service_name"": ""Premium Hair Cut & Style"", ""scheduled_time"": ""2025-10-31T15:18:35.779Z"", ""duration_minutes"": 90}",2025-10-26 15:18:35.862856+00,2025-10-26 15:18:35.862856+00,09b0b92a-d797-489e-bc03-5ca0a6272674,09b0b92a-d797-489e-bc03-5ca0a6272674,1,120.00
4e25fe73-6dd5-4c7b-9a1f-191b277e42a1,378f24fb-d496-4ff7-8afa-ea34895a0eb8,09d947f5-a6db-4da9-99b3-869e518b8915,2,,service,Deep Conditioning Treatment,1.00000000,65.00000000,65.00000000,0.00000000,0.00000000,HERA.SALON.APPOINTMENT.LINE.TREATMENT.v1,DRAFT,0.0000,,{},"{""service_name"": ""Deep Conditioning Treatment"", ""treatment_type"": ""keratin_conditioning"", ""duration_minutes"": 30}",2025-10-26 15:18:35.862856+00,2025-10-26 15:18:35.862856+00,09b0b92a-d797-489e-bc03-5ca0a6272674,09b0b92a-d797-489e-bc03-5ca0a6272674,1,65.00
7d5a56cb-fc20-44ee-baf7-cf5ebd92066b,378f24fb-d496-4ff7-8afa-ea34895a0eb8,8afb9d00-0aa7-4ad3-aa06-ff01599bcc9f,1,,service,Premium Hair Cut & Style - COMPLETED,1.00000000,120.00000000,120.00000000,0.00000000,0.00000000,HERA.SALON.SALE.LINE.HAIRCUT.v1,DRAFT,0.0000,,{},"{""stylist"": ""Michele (Owner)"", ""completion_time"": ""2025-10-26T15:18:36.909Z"", ""service_completed"": true, ""customer_satisfaction"": ""excellent""}",2025-10-26 15:18:36.992708+00,2025-10-26 15:18:36.992708+00,09b0b92a-d797-489e-bc03-5ca0a6272674,09b0b92a-d797-489e-bc03-5ca0a6272674,1,120.00
87ff9cfa-7c9f-4af8-b0c3-d46d482b2288,378f24fb-d496-4ff7-8afa-ea34895a0eb8,8afb9d00-0aa7-4ad3-aa06-ff01599bcc9f,2,,service,Deep Conditioning Treatment - COMPLETED,1.00000000,65.00000000,65.00000000,0.00000000,0.00000000,HERA.SALON.SALE.LINE.TREATMENT.v1,DRAFT,0.0000,,{},"{""results"": ""hair_significantly_improved"", ""treatment_type"": ""keratin_conditioning"", ""service_completed"": true}",2025-10-26 15:18:36.992708+00,2025-10-26 15:18:36.992708+00,09b0b92a-d797-489e-bc03-5ca0a6272674,09b0b92a-d797-489e-bc03-5ca0a6272674,1,65.00
56223458-0e52-4eb1-ac4d-a2966c7f54cb,378f24fb-d496-4ff7-8afa-ea34895a0eb8,8afb9d00-0aa7-4ad3-aa06-ff01599bcc9f,3,,tip,Gratuity for Excellent Service,1.00000000,25.00000000,25.00000000,0.00000000,0.00000000,HERA.SALON.SALE.LINE.TIP.v1,DRAFT,0.0000,,{},"{""payment_method"": ""card"", ""tip_percentage"": 13.5}",2025-10-26 15:18:36.992708+00,2025-10-26 15:18:36.992708+00,09b0b92a-d797-489e-bc03-5ca0a6272674,09b0b92a-d797-489e-bc03-5ca0a6272674,1,25.00
63b10985-47e8-4a91-9950-d6b2ba688b8d,378f24fb-d496-4ff7-8afa-ea34895a0eb8,8afb9d00-0aa7-4ad3-aa06-ff01599bcc9f,4,,tax,Service Tax (5%),1.00000000,9.25000000,9.25000000,0.00000000,0.00000000,HERA.SALON.SALE.LINE.TAX.v1,DRAFT,0.0000,,{},"{""tax_rate"": 0.05, ""tax_type"": ""service_tax""}",2025-10-26 15:18:36.992708+00,2025-10-26 15:18:36.992708+00,09b0b92a-d797-489e-bc03-5ca0a6272674,09b0b92a-d797-489e-bc03-5ca0a6272674,1,9.25
b01409fa-9051-46e6-9e69-13ca40bb7bfb,378f24fb-d496-4ff7-8afa-ea34895a0eb8,d2f44403-85d4-48ca-a48b-fbdaca96dcf9,1,,product,Premium Hair Serum - Professional Grade,2.00000000,35.00000000,70.00000000,0.00000000,0.00000000,HERA.SALON.PRODUCT.LINE.SERUM.v1,DRAFT,0.0000,,{},"{""size"": ""100ml"", ""brand"": ""Salon Professional"", ""product_code"": ""SERUM-PROF-001"", ""recommended_usage"": ""apply_to_damp_hair""}",2025-10-26 15:18:38.072682+00,2025-10-26 15:18:38.072682+00,09b0b92a-d797-489e-bc03-5ca0a6272674,09b0b92a-d797-489e-bc03-5ca0a6272674,1,70.00
0e4781db-c481-4916-b928-d0f2b394bf80,378f24fb-d496-4ff7-8afa-ea34895a0eb8,d2f44403-85d4-48ca-a48b-fbdaca96dcf9,2,,product,Conditioning Shampoo & Conditioner Set,1.00000000,75.00000000,75.00000000,0.00000000,0.00000000,HERA.SALON.PRODUCT.LINE.SHAMPOO_SET.v1,DRAFT,0.0000,,{},"{""brand"": ""Salon Professional"", ""hair_type"": ""all_types"", ""product_code"": ""SHAMP-SET-001"", ""set_contents"": [""shampoo_500ml"", ""conditioner_500ml""]}",2025-10-26 15:18:38.072682+00,2025-10-26 15:18:38.072682+00,09b0b92a-d797-489e-bc03-5ca0a6272674,09b0b92a-d797-489e-bc03-5ca0a6272674,1,75.00
c8cfd145-b4ef-4859-b744-f4957291000c,378f24fb-d496-4ff7-8afa-ea34895a0eb8,f99fc513-3ced-472b-9b9b-fe9629ccde93,1,,service,VIP Full Color & Cut Service,1.00000000,250.00000000,250.00000000,0.00000000,0.00000000,HERA.SALON.APPOINTMENT.LINE.VIP_FULL.v1,DRAFT,0.0000,,{},"{""stylist"": ""Michele (Master Stylist)"", ""service_name"": ""VIP Full Color & Cut"", ""service_level"": ""vip_premium"", ""scheduled_time"": ""2025-10-29T15:20:16.009Z"", ""duration_minutes"": 180}",2025-10-26 15:20:16.100247+00,2025-10-26 15:20:16.100247+00,09b0b92a-d797-489e-bc03-5ca0a6272674,09b0b92a-d797-489e-bc03-5ca0a6272674,1,250.00
8f78401c-9070-462d-88a8-60b9b33617ae,378f24fb-d496-4ff7-8afa-ea34895a0eb8,f99fc513-3ced-472b-9b9b-fe9629ccde93,2,,service,Luxury Scalp Treatment,1.00000000,100.00000000,100.00000000,0.00000000,0.00000000,HERA.SALON.APPOINTMENT.LINE.SCALP.v1,DRAFT,0.0000,,{},"{""products_used"": [""luxury_oils"", ""botanical_extracts""], ""treatment_type"": ""luxury_scalp_massage"", ""duration_minutes"": 45}",2025-10-26 15:20:16.100247+00,2025-10-26 15:20:16.100247+00,09b0b92a-d797-489e-bc03-5ca0a6272674,09b0b92a-d797-489e-bc03-5ca0a6272674,1,100.00
32e28c7f-94b3-4250-a512-e3031eb79880,378f24fb-d496-4ff7-8afa-ea34895a0eb8,03be6186-9e13-4ea5-9f91-0013d613148c,1,,service,VIP Full Color & Cut - COMPLETED,1.00000000,250.00000000,250.00000000,0.00000000,0.00000000,HERA.SALON.SALE.LINE.VIP_FULL.v1,DRAFT,0.0000,,{},"{""stylist"": ""Michele (Master Stylist)"", ""cut_style"": ""layered_modern"", ""color_formula"": ""custom_blonde_highlights"", ""completion_time"": ""2025-10-26T15:20:16.640Z"", ""service_completed"": true, ""customer_satisfaction"": ""outstanding"", ""service_duration_actual"": 185}",2025-10-26 15:20:16.720456+00,2025-10-26 15:20:16.720456+00,09b0b92a-d797-489e-bc03-5ca0a6272674,09b0b92a-d797-489e-bc03-5ca0a6272674,1,250.00
3d5307cd-6998-45e1-9c37-fb7e50b6e0bb,378f24fb-d496-4ff7-8afa-ea34895a0eb8,03be6186-9e13-4ea5-9f91-0013d613148c,2,,service,Luxury Scalp Treatment - COMPLETED,1.00000000,100.00000000,100.00000000,0.00000000,0.00000000,HERA.SALON.SALE.LINE.SCALP.v1,DRAFT,0.0000,,{},"{""products_used"": [""argan_oil"", ""lavender_extract""], ""service_completed"": true, ""treatment_effectiveness"": ""excellent"", ""customer_relaxation_score"": 10}",2025-10-26 15:20:16.720456+00,2025-10-26 15:20:16.720456+00,09b0b92a-d797-489e-bc03-5ca0a6272674,09b0b92a-d797-489e-bc03-5ca0a6272674,1,100.00
0a2b2828-7818-45f4-b036-a023e697c27d,378f24fb-d496-4ff7-8afa-ea34895a0eb8,03be6186-9e13-4ea5-9f91-0013d613148c,3,,tip,VIP Service Gratuity (20%),1.00000000,70.00000000,70.00000000,0.00000000,0.00000000,HERA.SALON.SALE.LINE.TIP_VIP.v1,DRAFT,0.0000,,{},"{""payment_method"": ""card"", ""tip_percentage"": 20, ""customer_satisfaction_indicator"": ""outstanding""}",2025-10-26 15:20:16.720456+00,2025-10-26 15:20:16.720456+00,09b0b92a-d797-489e-bc03-5ca0a6272674,09b0b92a-d797-489e-bc03-5ca0a6272674,1,70.00
94b1fd98-1b65-4a1d-8e53-05a20fe25444,378f24fb-d496-4ff7-8afa-ea34895a0eb8,03be6186-9e13-4ea5-9f91-0013d613148c,4,,tax,Service Tax (5%),1.00000000,17.50000000,17.50000000,0.00000000,0.00000000,HERA.SALON.SALE.LINE.TAX.v1,DRAFT,0.0000,,{},"{""tax_rate"": 0.05, ""tax_type"": ""service_tax"", ""taxable_amount"": 350}",2025-10-26 15:20:16.720456+00,2025-10-26 15:20:16.720456+00,09b0b92a-d797-489e-bc03-5ca0a6272674,09b0b92a-d797-489e-bc03-5ca0a6272674,1,17.50
93bd3a4e-0bf4-4ef7-80b0-9a50f15c4561,378f24fb-d496-4ff7-8afa-ea34895a0eb8,2e6d1b17-2de9-449d-bcd2-3254034bb1a6,1,,product,Professional Color Care Set (VIP),1.00000000,150.00000000,150.00000000,0.00000000,0.00000000,HERA.SALON.PRODUCT.LINE.COLOR_CARE_VIP.v1,DRAFT,0.0000,,{},"{""brand"": ""Salon Professional VIP"", ""product_code"": ""VIP-COLOR-CARE-001"", ""set_contents"": [""color_protecting_shampoo_500ml"", ""color_sealing_conditioner_500ml"", ""color_enhancing_mask_200ml""], ""vip_exclusive"": true, ""recommended_for"": ""colored_hair_maintenance""}",2025-10-26 15:20:17.329843+00,2025-10-26 15:20:17.329843+00,09b0b92a-d797-489e-bc03-5ca0a6272674,09b0b92a-d797-489e-bc03-5ca0a6272674,1,150.00
687bf0c6-ca4b-4afc-9a5b-f3b6180b110b,378f24fb-d496-4ff7-8afa-ea34895a0eb8,2e6d1b17-2de9-449d-bcd2-3254034bb1a6,2,,product,Luxury Hair Oil Treatment,2.00000000,45.00000000,90.00000000,0.00000000,0.00000000,HERA.SALON.PRODUCT.LINE.LUXURY_OIL.v1,DRAFT,0.0000,,{},"{""size"": ""50ml"", ""brand"": ""Elite Hair Care"", ""usage"": ""weekly_deep_treatment"", ""product_code"": ""LUX-OIL-001"", ""key_ingredients"": [""argan_oil"", ""keratin"", ""vitamin_e""]}",2025-10-26 15:20:17.329843+00,2025-10-26 15:20:17.329843+00,09b0b92a-d797-489e-bc03-5ca0a6272674,09b0b92a-d797-489e-bc03-5ca0a6272674,1,90.00
1bb88a39-0c40-419a-8c89-4546f48c373f,378f24fb-d496-4ff7-8afa-ea34895a0eb8,2e6d1b17-2de9-449d-bcd2-3254034bb1a6,3,,product,Heat Protection Spray (Professional),1.00000000,45.00000000,45.00000000,0.00000000,0.00000000,HERA.SALON.PRODUCT.LINE.HEAT_PROTECT.v1,DRAFT,0.0000,,{},"{""brand"": ""Thermal Guard Pro"", ""product_code"": ""HEAT-PROT-PRO-001"", ""suitable_for"": ""all_hair_types"", ""protection_level"": ""up_to_450_degrees"", ""professional_grade"": true}",2025-10-26 15:20:17.329843+00,2025-10-26 15:20:17.329843+00,09b0b92a-d797-489e-bc03-5ca0a6272674,09b0b92a-d797-489e-bc03-5ca0a6272674,1,45.00
75fe0c47-7b20-4e4e-9966-6f860fa692e1,378f24fb-d496-4ff7-8afa-ea34895a0eb8,5663d690-ea03-4371-9a38-c1ba3149c289,1,4b351833-f817-4249-a316-2573235898ef,SERVICE,Balayage,1.00000000,600.00000000,600.00000000,0.00000000,0.00000000,HERA.SALON.APPOINTMENT.TXN.BOOKED.LINE.GENERIC.v1,DRAFT,0.0000,,{},"{""quantity"": 1, ""entity_id"": ""4b351833-f817-4249-a316-2573235898ef"", ""line_type"": ""service"", ""description"": ""Balayage"", ""line_amount"": 600, ""unit_amount"": 600}",2025-10-28 11:09:01.874125+00,2025-10-28 11:09:01.874125+00,d794e63a-2d70-4b65-b560-0df667de221e,d794e63a-2d70-4b65-b560-0df667de221e,1,600.00
c28433f3-aed1-4e98-b544-c842816ff038,378f24fb-d496-4ff7-8afa-ea34895a0eb8,c4df3fd0-8b07-41e6-92bb-29e6332ae529,1,09a715c7-17b4-4316-99d5-e2a6bfb86c0a,SERVICE,Full Global,1.00000000,450.00000000,450.00000000,0.00000000,0.00000000,HERA.SALON.APPOINTMENT.TXN.BOOKED.LINE.GENERIC.v1,DRAFT,0.0000,,{},"{""quantity"": 1, ""entity_id"": ""09a715c7-17b4-4316-99d5-e2a6bfb86c0a"", ""line_type"": ""service"", ""description"": ""Full Global"", ""line_amount"": 450, ""unit_amount"": 450}",2025-10-28 12:05:09.50429+00,2025-10-28 12:05:09.50429+00,d794e63a-2d70-4b65-b560-0df667de221e,d794e63a-2d70-4b65-b560-0df667de221e,1,450.00
36c9a1d7-52fd-4b5a-87a3-87daa7e2f108,378f24fb-d496-4ff7-8afa-ea34895a0eb8,5a23feca-6da5-451e-9c5e-57506bc2dc5f,1,09a715c7-17b4-4316-99d5-e2a6bfb86c0a,SERVICE,Full Global,1.00000000,450.00000000,450.00000000,0.00000000,0.00000000,HERA.SALON.APPOINTMENT.TXN.BOOKED.LINE.GENERIC.v1,DRAFT,0.0000,,{},"{""quantity"": 1, ""entity_id"": ""09a715c7-17b4-4316-99d5-e2a6bfb86c0a"", ""line_type"": ""service"", ""description"": ""Full Global"", ""line_amount"": 450, ""unit_amount"": 450}",2025-10-28 12:06:01.563356+00,2025-10-28 12:06:01.563356+00,d794e63a-2d70-4b65-b560-0df667de221e,d794e63a-2d70-4b65-b560-0df667de221e,1,450.00
3ab6d18f-72d1-414c-96fa-85003b670f1e,378f24fb-d496-4ff7-8afa-ea34895a0eb8,baec10ba-1873-4e75-882c-37f78075bac2,1,4b351833-f817-4249-a316-2573235898ef,SERVICE,Balayage,1.00000000,850.00000000,850.00000000,0.00000000,0.00000000,HERA.SALON.TXN.SALE.CREATE.LINE.GENERIC.v1,DRAFT,0.0000,,{},"{""metadata"": {""staff_id"": ""b5fc250f-f9e3-4a4f-a69c-af44e44caf39"", ""appointment_id"": ""5663d690-ea03-4371-9a38-c1ba3149c289""}, ""quantity"": 1, ""entity_id"": ""4b351833-f817-4249-a316-2573235898ef"", ""line_type"": ""service"", ""smart_code"": ""HERA.SALON.TXN.SERVICE.COMPLETE.V1"", ""description"": ""Balayage"", ""line_amount"": 850, ""line_number"": 1, ""unit_amount"": 850, ""discount_amount"": 0}",2025-10-28 13:33:13.134358+00,2025-10-28 13:33:13.134358+00,d794e63a-2d70-4b65-b560-0df667de221e,d794e63a-2d70-4b65-b560-0df667de221e,1,850.00
be0f170b-b050-4e89-b70a-78f547bc607a,378f24fb-d496-4ff7-8afa-ea34895a0eb8,baec10ba-1873-4e75-882c-37f78075bac2,2,,TAX,VAT (5.0%),1.00000000,42.50000000,42.50000000,0.00000000,0.00000000,HERA.SALON.TXN.SALE.CREATE.LINE.GENERIC.v1,DRAFT,0.0000,,{},"{""quantity"": 1, ""entity_id"": null, ""line_type"": ""tax"", ""smart_code"": ""HERA.SALON.TAX.VAT.TXN.V1"", ""description"": ""VAT (5.0%)"", ""line_amount"": 42.5, ""line_number"": 2, ""unit_amount"": 42.5}",2025-10-28 13:33:13.134358+00,2025-10-28 13:33:13.134358+00,d794e63a-2d70-4b65-b560-0df667de221e,d794e63a-2d70-4b65-b560-0df667de221e,1,42.50
6e6c1bf9-e656-458e-9edd-658f0c05a0bc,378f24fb-d496-4ff7-8afa-ea34895a0eb8,baec10ba-1873-4e75-882c-37f78075bac2,3,,PAYMENT,Payment - CARD,1.00000000,892.50000000,892.50000000,0.00000000,0.00000000,HERA.SALON.TXN.SALE.CREATE.LINE.GENERIC.v1,DRAFT,0.0000,,{},"{""metadata"": {""reference"": """", ""payment_method"": ""card""}, ""quantity"": 1, ""entity_id"": null, ""line_type"": ""payment"", ""smart_code"": ""HERA.SALON.POS.PAYMENT.CARD.V1"", ""description"": ""Payment - CARD"", ""line_amount"": 892.5, ""line_number"": 3, ""unit_amount"": 892.5}",2025-10-28 13:33:13.134358+00,2025-10-28 13:33:13.134358+00,d794e63a-2d70-4b65-b560-0df667de221e,d794e63a-2d70-4b65-b560-0df667de221e,1,892.50
a620f0ed-082d-4108-a4fa-f3cb9fd8c0de,378f24fb-d496-4ff7-8afa-ea34895a0eb8,6bc202e9-715c-4cc0-a40a-7c53b4f70963,1,8270ef88-a7d3-4d8b-b580-87f8f436e410,SERVICE,Hair Spa - Full Blow Dry,1.00000000,200.00000000,200.00000000,0.00000000,0.00000000,HERA.SALON.APPOINTMENT.TXN.BOOKED.LINE.GENERIC.v1,DRAFT,0.0000,,{},"{""quantity"": 1, ""entity_id"": ""8270ef88-a7d3-4d8b-b580-87f8f436e410"", ""line_type"": ""service"", ""description"": ""Hair Spa - Full Blow Dry"", ""line_amount"": 200, ""unit_amount"": 200}",2025-10-28 13:36:21.814301+00,2025-10-28 13:36:21.814301+00,d794e63a-2d70-4b65-b560-0df667de221e,d794e63a-2d70-4b65-b560-0df667de221e,1,200.00
8270601e-c7dc-4898-b123-27593ba37b7c,378f24fb-d496-4ff7-8afa-ea34895a0eb8,31d04eed-1cb9-4782-9abf-8c252d73146d,1,8270ef88-a7d3-4d8b-b580-87f8f436e410,SERVICE,Hair Spa - Full Blow Dry,1.00000000,200.00000000,200.00000000,0.00000000,0.00000000,HERA.SALON.TXN.SALE.CREATE.LINE.GENERIC.v1,DRAFT,0.0000,,{},"{""metadata"": {""staff_id"": ""b5fc250f-f9e3-4a4f-a69c-af44e44caf39"", ""appointment_id"": ""6bc202e9-715c-4cc0-a40a-7c53b4f70963""}, ""quantity"": 1, ""entity_id"": ""8270ef88-a7d3-4d8b-b580-87f8f436e410"", ""line_type"": ""service"", ""smart_code"": ""HERA.SALON.TXN.SERVICE.COMPLETE.V1"", ""description"": ""Hair Spa - Full Blow Dry"", ""line_amount"": 200, ""line_number"": 1, ""unit_amount"": 200, ""discount_amount"": 0}",2025-10-28 13:42:56.882118+00,2025-10-28 13:42:56.882118+00,d794e63a-2d70-4b65-b560-0df667de221e,d794e63a-2d70-4b65-b560-0df667de221e,1,200.00
6c340890-12bf-4e3e-aace-a03ca8067ad3,378f24fb-d496-4ff7-8afa-ea34895a0eb8,31d04eed-1cb9-4782-9abf-8c252d73146d,2,,TAX,VAT (5.0%),1.00000000,10.00000000,10.00000000,0.00000000,0.00000000,HERA.SALON.TXN.SALE.CREATE.LINE.GENERIC.v1,DRAFT,0.0000,,{},"{""quantity"": 1, ""entity_id"": null, ""line_type"": ""tax"", ""smart_code"": ""HERA.SALON.TAX.VAT.TXN.V1"", ""description"": ""VAT (5.0%)"", ""line_amount"": 10, ""line_number"": 2, ""unit_amount"": 10}",2025-10-28 13:42:56.882118+00,2025-10-28 13:42:56.882118+00,d794e63a-2d70-4b65-b560-0df667de221e,d794e63a-2d70-4b65-b560-0df667de221e,1,10.00
8dc6c66c-3706-42e8-92a2-ebea1563b25e,378f24fb-d496-4ff7-8afa-ea34895a0eb8,31d04eed-1cb9-4782-9abf-8c252d73146d,3,,PAYMENT,Payment - CARD,1.00000000,210.00000000,210.00000000,0.00000000,0.00000000,HERA.SALON.TXN.SALE.CREATE.LINE.GENERIC.v1,DRAFT,0.0000,,{},"{""metadata"": {""reference"": """", ""payment_method"": ""card""}, ""quantity"": 1, ""entity_id"": null, ""line_type"": ""payment"", ""smart_code"": ""HERA.SALON.POS.PAYMENT.CARD.V1"", ""description"": ""Payment - CARD"", ""line_amount"": 210, ""line_number"": 3, ""unit_amount"": 210}",2025-10-28 13:42:56.882118+00,2025-10-28 13:42:56.882118+00,d794e63a-2d70-4b65-b560-0df667de221e,d794e63a-2d70-4b65-b560-0df667de221e,1,210.00
